[
    {
        "model": "custom_auth.customuser",
        "pk": 1,
        "fields": {
            "username": "admin",
            "email": "admin@urlshortener.com",
            "first_name": "System",
            "last_name": "Administrator",
            "role": "ADMIN",
            "password": "Admin@2024",
            "is_active": true,
            "date_joined": "2024-01-01T08:00:00Z",
            "is_staff": true,
            "is_superuser": true
        }
    },
    {
        "model": "custom_auth.customuser",
        "pk": 2,
        "fields": {
            "username": "john_staff",
            "email": "john.doe@urlshortener.com",
            "first_name": "John",
            "last_name": "Doe",
            "role": "STAFF",
            "password": "Staff@2024",
            "is_active": true,
            "date_joined": "2024-01-15T09:30:00Z",
            "is_staff": true,
            "is_superuser": false
        }
    },
    {
        "model": "custom_auth.customuser",
        "pk": 3,
        "fields": {
            "username": "sarah_marketing",
            "email": "sarah.johnson@company.com",
            "first_name": "Sarah",
            "last_name": "Johnson",
            "role": "USER",
            "password": "User@2024",
            "is_active": true,
            "date_joined": "2024-02-01T10:15:00Z",
            "is_staff": false,
            "is_superuser": false
        }
    },
    {
        "model": "custom_auth.customuser",
        "pk": 4,
        "fields": {
            "username": "mike_developer",
            "email": "mike.smith@techcorp.com",
            "first_name": "Mike",
            "last_name": "Smith",
            "role": "USER",
            "password": "User@2024",
            "is_active": true,
            "date_joined": "2024-02-10T14:20:00Z",
            "is_staff": false,
            "is_superuser": false
        }
    },
    {
        "model": "custom_auth.customuser",
        "pk": 5,
        "fields": {
            "username": "emma_sales",
            "email": "emma.wilson@sales.com",
            "first_name": "Emma",
            "last_name": "Wilson",
            "role": "USER",
            "password": "User@2024",
            "is_active": true,
            "date_joined": "2024-02-20T11:45:00Z",
            "is_staff": false,
            "is_superuser": false
        }
    },
    {
        "model": "custom_auth.customuser",
        "pk": 6,
        "fields": {
            "username": "inactive_user",
            "email": "inactive@example.com",
            "first_name": "Inactive",
            "last_name": "User",
            "role": "USER",
            "password": "Inactive@2024",
            "is_active": false,
            "date_joined": "2024-01-05T08:00:00Z",
            "is_staff": false,
            "is_superuser": false
        }
    },
    {
        "model": "system.systemconfiguration",
        "pk": 1,
        "fields": {
            "key": "MAX_URLS_PER_USER",
            "value": "50",
            "description": "Maximum number of URLs a single user can create",
            "updated_at": "2024-01-01T08:00:00Z"
        }
    },
    {
        "model": "system.systemconfiguration",
        "pk": 2,
        "fields": {
            "key": "URL_EXPIRY_DAYS",
            "value": "365",
            "description": "Default number of days before a URL expires (if not specified)",
            "updated_at": "2024-01-01T08:00:00Z"
        }
    },
    {
        "model": "system.systemconfiguration",
        "pk": 3,
        "fields": {
            "key": "BURST_PROTECTION_LIMIT",
            "value": "20",
            "description": "Maximum number of requests allowed per minute before burst protection triggers",
            "updated_at": "2024-01-01T08:00:00Z"
        }
    },
    {
        "model": "system.systemconfiguration",
        "pk": 4,
        "fields": {
            "key": "MIN_SHORT_CODE_LENGTH",
            "value": "6",
            "description": "Minimum character length for auto-generated short codes",
            "updated_at": "2024-01-01T08:00:00Z"
        }
    },
    {
        "model": "system.systemconfiguration",
        "pk": 5,
        "fields": {
            "key": "MAX_SHORT_CODE_LENGTH",
            "value": "32",
            "description": "Maximum character length for custom short codes",
            "updated_at": "2024-01-01T08:00:00Z"
        }
    },
    {
        "model": "system.systemconfiguration",
        "pk": 6,
        "fields": {
            "key": "MAX_VISITS_PER_DAY",
            "value": "100000",
            "description": "Maximum total visits allowed per day across all URLs",
            "updated_at": "2024-01-01T08:00:00Z"
        }
    },
    {
        "model": "system.systemconfiguration",
        "pk": 7,
        "fields": {
            "key": "ANALYTICS_RETENTION_DAYS",
            "value": "730",
            "description": "Number of days to retain detailed analytics data (2 years)",
            "updated_at": "2024-01-01T08:00:00Z"
        }
    },
    {
        "model": "system.systemconfiguration",
        "pk": 8,
        "fields": {
            "key": "ENABLE_CUSTOM_ALIASES",
            "value": "true",
            "description": "Allow users to create custom short URL aliases",
            "updated_at": "2024-01-01T08:00:00Z"
        }
    },
    {
        "model": "system.systemconfiguration",
        "pk": 9,
        "fields": {
            "key": "ENABLE_URL_EXPIRY",
            "value": "true",
            "description": "Enable automatic URL expiration feature",
            "updated_at": "2024-01-01T08:00:00Z"
        }
    },
    {
        "model": "system.systemconfiguration",
        "pk": 10,
        "fields": {
            "key": "FRAUD_DETECTION_ENABLED",
            "value": "true",
            "description": "Enable fraud detection and prevention mechanisms",
            "updated_at": "2024-01-01T08:00:00Z"
        }
    },
    {
        "model": "url.url",
        "pk": 1,
        "fields": {
            "name": "Company Homepage",
            "long_url": "https://www.mycompany.com/about-us/mission-and-values",
            "short_url": "company",
            "created_at": "2024-01-15T10:00:00Z",
            "updated_at": "2024-01-15T10:00:00Z",
            "visits": 1250,
            "unique_visits": 980,
            "last_accessed": "2024-12-30T15:30:00Z",
            "expiry_date": null,
            "is_custom_alias": true,
            "user": 1
        }
    },
    {
        "model": "url.url",
        "pk": 2,
        "fields": {
            "name": "Q4 2024 Report",
            "long_url": "https://docs.company.com/reports/2024/q4/financial-summary-detailed",
            "short_url": "q4report",
            "created_at": "2024-10-01T09:00:00Z",
            "updated_at": "2024-10-01T09:00:00Z",
            "visits": 456,
            "unique_visits": 234,
            "last_accessed": "2024-12-28T11:20:00Z",
            "expiry_date": "2025-03-31T23:59:59Z",
            "is_custom_alias": true,
            "user": 2
        }
    },
    {
        "model": "url.url",
        "pk": 3,
        "fields": {
            "name": "Product Launch Campaign",
            "long_url": "https://marketing.company.com/campaigns/2024/new-product-launch-landing-page",
            "short_url": "launch2024",
            "created_at": "2024-03-15T08:30:00Z",
            "updated_at": "2024-03-15T08:30:00Z",
            "visits": 3420,
            "unique_visits": 2890,
            "last_accessed": "2024-12-31T09:45:00Z",
            "expiry_date": null,
            "is_custom_alias": true,
            "user": 3
        }
    },
    {
        "model": "url.url",
        "pk": 4,
        "fields": {
            "name": "API Documentation v2",
            "long_url": "https://developers.techcorp.com/api/v2/documentation/getting-started",
            "short_url": "apidocs",
            "created_at": "2024-02-20T14:15:00Z",
            "updated_at": "2024-02-20T14:15:00Z",
            "visits": 5670,
            "unique_visits": 3456,
            "last_accessed": "2024-12-31T16:20:00Z",
            "expiry_date": null,
            "is_custom_alias": true,
            "user": 4
        }
    },
    {
        "model": "url.url",
        "pk": 5,
        "fields": {
            "name": "Black Friday Sale 2024",
            "long_url": "https://store.sales.com/promotions/black-friday-2024-mega-sale",
            "short_url": "bf2024",
            "created_at": "2024-11-01T07:00:00Z",
            "updated_at": "2024-11-01T07:00:00Z",
            "visits": 8934,
            "unique_visits": 7234,
            "last_accessed": "2024-11-30T23:59:00Z",
            "expiry_date": "2024-12-01T00:00:00Z",
            "is_custom_alias": true,
            "user": 5
        }
    },
    {
        "model": "url.url",
        "pk": 6,
        "fields": {
            "name": "Support Portal",
            "long_url": "https://support.company.com/help-center/tickets/new",
            "short_url": "support",
            "created_at": "2024-01-10T08:00:00Z",
            "updated_at": "2024-01-10T08:00:00Z",
            "visits": 2345,
            "unique_visits": 1890,
            "last_accessed": "2024-12-31T14:30:00Z",
            "expiry_date": null,
            "is_custom_alias": true,
            "user": 2
        }
    },
    {
        "model": "url.url",
        "pk": 7,
        "fields": {
            "name": "Team Meeting Link",
            "long_url": "https://meet.company.com/weekly-standup-engineering-team",
            "short_url": "standup",
            "created_at": "2024-01-05T09:00:00Z",
            "updated_at": "2024-01-05T09:00:00Z",
            "visits": 678,
            "unique_visits": 45,
            "last_accessed": "2024-12-30T09:00:00Z",
            "expiry_date": null,
            "is_custom_alias": true,
            "user": 4
        }
    },
    {
        "model": "url.url",
        "pk": 8,
        "fields": {
            "name": "Blog Post - AI Trends",
            "long_url": "https://blog.techcorp.com/2024/12/artificial-intelligence-trends-2025",
            "short_url": "aitrends",
            "created_at": "2024-12-01T10:00:00Z",
            "updated_at": "2024-12-01T10:00:00Z",
            "visits": 1234,
            "unique_visits": 1050,
            "last_accessed": "2024-12-31T12:15:00Z",
            "expiry_date": null,
            "is_custom_alias": true,
            "user": 3
        }
    },
    {
        "model": "url.url",
        "pk": 9,
        "fields": {
            "name": "Customer Survey",
            "long_url": "https://forms.company.com/customer-satisfaction-survey-q4-2024",
            "short_url": "survey24",
            "created_at": "2024-10-15T08:00:00Z",
            "updated_at": "2024-10-15T08:00:00Z",
            "visits": 892,
            "unique_visits": 834,
            "last_accessed": "2024-12-20T17:45:00Z",
            "expiry_date": "2024-12-31T23:59:59Z",
            "is_custom_alias": true,
            "user": 5
        }
    },
    {
        "model": "url.url",
        "pk": 10,
        "fields": {
            "name": "GitHub Repository",
            "long_url": "https://github.com/company/url-shortener-project",
            "short_url": "repo",
            "created_at": "2024-01-20T11:30:00Z",
            "updated_at": "2024-01-20T11:30:00Z",
            "visits": 456,
            "unique_visits": 123,
            "last_accessed": "2024-12-29T10:20:00Z",
            "expiry_date": null,
            "is_custom_alias": true,
            "user": 4
        }
    },
    {
        "model": "url.url",
        "pk": 11,
        "fields": {
            "name": "Social Media Campaign",
            "long_url": "https://social.company.com/campaign/summer-2024-giveaway",
            "short_url": "xyz789abc",
            "created_at": "2024-06-01T10:00:00Z",
            "updated_at": "2024-06-01T10:00:00Z",
            "visits": 15234,
            "unique_visits": 12456,
            "last_accessed": "2024-08-31T23:59:00Z",
            "expiry_date": "2024-09-01T00:00:00Z",
            "is_custom_alias": false,
            "user": 3
        }
    },
    {
        "model": "url.url",
        "pk": 12,
        "fields": {
            "name": "Webinar Registration",
            "long_url": "https://events.company.com/webinar/future-of-work-2025",
            "short_url": "webinar25",
            "created_at": "2024-11-15T09:00:00Z",
            "updated_at": "2024-11-15T09:00:00Z",
            "visits": 2345,
            "unique_visits": 2103,
            "last_accessed": "2024-12-28T18:30:00Z",
            "expiry_date": "2025-01-15T23:59:59Z",
            "is_custom_alias": true,
            "user": 3
        }
    },
    {
        "model": "url.url",
        "pk": 13,
        "fields": {
            "name": "Employee Handbook",
            "long_url": "https://hr.company.com/resources/employee-handbook-2024-edition",
            "short_url": "handbook",
            "created_at": "2024-01-02T08:00:00Z",
            "updated_at": "2024-01-02T08:00:00Z",
            "visits": 567,
            "unique_visits": 234,
            "last_accessed": "2024-12-15T14:20:00Z",
            "expiry_date": null,
            "is_custom_alias": true,
            "user": 2
        }
    },
    {
        "model": "url.url",
        "pk": 14,
        "fields": {
            "name": "Mobile App Download",
            "long_url": "https://apps.company.com/download/ios-android-mobile-application",
            "short_url": "getapp",
            "created_at": "2024-03-01T10:00:00Z",
            "updated_at": "2024-03-01T10:00:00Z",
            "visits": 6789,
            "unique_visits": 5432,
            "last_accessed": "2024-12-31T20:15:00Z",
            "expiry_date": null,
            "is_custom_alias": true,
            "user": 1
        }
    },
    {
        "model": "url.url",
        "pk": 15,
        "fields": {
            "name": "Pricing Page",
            "long_url": "https://www.company.com/pricing/plans-and-features-comparison",
            "short_url": "pricing",
            "created_at": "2024-01-08T09:30:00Z",
            "updated_at": "2024-01-08T09:30:00Z",
            "visits": 4567,
            "unique_visits": 3890,
            "last_accessed": "2024-12-31T16:45:00Z",
            "expiry_date": null,
            "is_custom_alias": true,
            "user": 5
        }
    },
    {
        "model": "url.urlstatus",
        "pk": 1,
        "fields": {
            "url": 1,
            "state": "ACTIVE",
            "reason": null,
            "last_checked": "2024-12-31T00:00:00Z"
        }
    },
    {
        "model": "url.urlstatus",
        "pk": 2,
        "fields": {
            "url": 2,
            "state": "ACTIVE",
            "reason": null,
            "last_checked": "2024-12-31T00:00:00Z"
        }
    },
    {
        "model": "url.urlstatus",
        "pk": 3,
        "fields": {
            "url": 3,
            "state": "ACTIVE",
            "reason": null,
            "last_checked": "2024-12-31T00:00:00Z"
        }
    },
    {
        "model": "url.urlstatus",
        "pk": 4,
        "fields": {
            "url": 4,
            "state": "ACTIVE",
            "reason": null,
            "last_checked": "2024-12-31T00:00:00Z"
        }
    },
    {
        "model": "url.urlstatus",
        "pk": 5,
        "fields": {
            "url": 5,
            "state": "EXPIRED",
            "reason": "Campaign ended - Black Friday promotion concluded",
            "last_checked": "2024-12-01T00:00:00Z"
        }
    },
    {
        "model": "url.urlstatus",
        "pk": 6,
        "fields": {
            "url": 6,
            "state": "ACTIVE",
            "reason": null,
            "last_checked": "2024-12-31T00:00:00Z"
        }
    },
    {
        "model": "url.urlstatus",
        "pk": 7,
        "fields": {
            "url": 7,
            "state": "ACTIVE",
            "reason": null,
            "last_checked": "2024-12-31T00:00:00Z"
        }
    },
    {
        "model": "url.urlstatus",
        "pk": 8,
        "fields": {
            "url": 8,
            "state": "ACTIVE",
            "reason": null,
            "last_checked": "2024-12-31T00:00:00Z"
        }
    },
    {
        "model": "url.urlstatus",
        "pk": 9,
        "fields": {
            "url": 9,
            "state": "EXPIRED",
            "reason": "Survey period ended",
            "last_checked": "2024-12-31T23:59:59Z"
        }
    },
    {
        "model": "url.urlstatus",
        "pk": 10,
        "fields": {
            "url": 10,
            "state": "ACTIVE",
            "reason": null,
            "last_checked": "2024-12-31T00:00:00Z"
        }
    },
    {
        "model": "url.urlstatus",
        "pk": 11,
        "fields": {
            "url": 11,
            "state": "EXPIRED",
            "reason": "Summer campaign concluded",
            "last_checked": "2024-09-01T00:00:00Z"
        }
    },
    {
        "model": "url.urlstatus",
        "pk": 12,
        "fields": {
            "url": 12,
            "state": "ACTIVE",
            "reason": null,
            "last_checked": "2024-12-31T00:00:00Z"
        }
    },
    {
        "model": "url.urlstatus",
        "pk": 13,
        "fields": {
            "url": 13,
            "state": "ACTIVE",
            "reason": null,
            "last_checked": "2024-12-31T00:00:00Z"
        }
    },
    {
        "model": "url.urlstatus",
        "pk": 14,
        "fields": {
            "url": 14,
            "state": "ACTIVE",
            "reason": null,
            "last_checked": "2024-12-31T00:00:00Z"
        }
    },
    {
        "model": "url.urlstatus",
        "pk": 15,
        "fields": {
            "url": 15,
            "state": "FLAGGED",
            "reason": "Unusual traffic spike detected - under review",
            "last_checked": "2024-12-30T18:00:00Z"
        }
    },
    {
        "model": "analytics.visit",
        "pk": 1,
        "fields": {
            "url": 1,
            "timestamp": "2024-12-15T09:23:15Z",
            "hashed_ip": "a1b2c3d4e5f67890abcdef1234567890",
            "referer": "https://www.google.com/search",
            "geolocation": "New York, NY, US",
            "browser": "Chrome",
            "operating_system": "Windows 11",
            "device": "Desktop",
            "new_visitor": true
        }
    },
    {
        "model": "analytics.visit",
        "pk": 2,
        "fields": {
            "url": 1,
            "timestamp": "2024-12-15T14:45:30Z",
            "hashed_ip": "f0e9d8c7b6a54321fedcba0987654321",
            "referer": "https://www.linkedin.com",
            "geolocation": "London, UK",
            "browser": "Firefox",
            "operating_system": "Ubuntu 22.04",
            "device": "Desktop",
            "new_visitor": true
        }
    },
    {
        "model": "analytics.visit",
        "pk": 3,
        "fields": {
            "url": 3,
            "timestamp": "2024-12-16T11:15:45Z",
            "hashed_ip": "1234567890abcdef1234567890abcdef",
            "referer": "https://www.facebook.com",
            "geolocation": "Los Angeles, CA, US",
            "browser": "Safari",
            "operating_system": "iOS 17",
            "device": "Mobile",
            "new_visitor": true
        }
    },
    {
        "model": "analytics.visit",
        "pk": 4,
        "fields": {
            "url": 3,
            "timestamp": "2024-12-16T15:30:20Z",
            "hashed_ip": "abcdef1234567890abcdef1234567890",
            "referer": "https://twitter.com",
            "geolocation": "Toronto, ON, CA",
            "browser": "Chrome",
            "operating_system": "macOS Sonoma",
            "device": "Desktop",
            "new_visitor": false
        }
    },
    {
        "model": "analytics.visit",
        "pk": 5,
        "fields": {
            "url": 4,
            "timestamp": "2024-12-17T08:45:10Z",
            "hashed_ip": "fedcba0987654321fedcba0987654321",
            "referer": "https://stackoverflow.com",
            "geolocation": "Berlin, Germany",
            "browser": "Firefox",
            "operating_system": "Windows 11",
            "device": "Desktop",
            "new_visitor": true
        }
    },
    {
        "model": "analytics.visit",
        "pk": 6,
        "fields": {
            "url": 4,
            "timestamp": "2024-12-17T10:20:35Z",
            "hashed_ip": "1111222233334444555566667777888",
            "referer": "https://github.com",
            "geolocation": "Tokyo, Japan",
            "browser": "Chrome",
            "operating_system": "Windows 11",
            "device": "Desktop",
            "new_visitor": true
        }
    },
    {
        "model": "analytics.visit",
        "pk": 7,
        "fields": {
            "url": 4,
            "timestamp": "2024-12-17T13:55:50Z",
            "hashed_ip": "9999888877776666555544443333222",
            "referer": null,
            "geolocation": "Sydney, Australia",
            "browser": "Edge",
            "operating_system": "Windows 11",
            "device": "Desktop",
            "new_visitor": false
        }
    },
    {
        "model": "analytics.visit",
        "pk": 8,
        "fields": {
            "url": 8,
            "timestamp": "2024-12-18T16:30:25Z",
            "hashed_ip": "aaabbbcccdddeeefff000111222333",
            "referer": "https://www.reddit.com",
            "geolocation": "San Francisco, CA, US",
            "browser": "Chrome",
            "operating_system": "macOS Sonoma",
            "device": "Desktop",
            "new_visitor": true
        }
    },
    {
        "model": "analytics.visit",
        "pk": 9,
        "fields": {
            "url": 8,
            "timestamp": "2024-12-18T18:15:40Z",
            "hashed_ip": "444555666777888999aaabbbcccddd",
            "referer": "https://news.ycombinator.com",
            "geolocation": "Seattle, WA, US",
            "browser": "Safari",
            "operating_system": "macOS Sonoma",
            "device": "Desktop",
            "new_visitor": true
        }
    },
    {
        "model": "analytics.visit",
        "pk": 10,
        "fields": {
            "url": 14,
            "timestamp": "2024-12-19T09:00:15Z",
            "hashed_ip": "eeefffggghhhjjjkkklllmmmnnnoooppp",
            "referer": "https://www.instagram.com",
            "geolocation": "Miami, FL, US",
            "browser": "Chrome",
            "operating_system": "Android 14",
            "device": "Mobile",
            "new_visitor": true
        }
    },
    {
        "model": "analytics.visit",
        "pk": 11,
        "fields": {
            "url": 14,
            "timestamp": "2024-12-19T11:30:45Z",
            "hashed_ip": "pppqqqrrrssstttuuuvvvwwwxxxyyyzzz",
            "referer": "https://www.tiktok.com",
            "geolocation": "Chicago, IL, US",
            "browser": "Safari",
            "operating_system": "iOS 17",
            "device": "Mobile",
            "new_visitor": true
        }
    },
    {
        "model": "analytics.visit",
        "pk": 12,
        "fields": {
            "url": 15,
            "timestamp": "2024-12-20T14:20:30Z",
            "hashed_ip": "123abc456def789ghi012jkl345mno678",
            "referer": "https://www.google.com/search",
            "geolocation": "Paris, France",
            "browser": "Firefox",
            "operating_system": "Windows 11",
            "device": "Desktop",
            "new_visitor": true
        }
    },
    {
        "model": "analytics.visit",
        "pk": 13,
        "fields": {
            "url": 15,
            "timestamp": "2024-12-20T16:45:55Z",
            "hashed_ip": "987zyx654wvu321tsr098qpo876nml543",
            "referer": "https://www.bing.com/search",
            "geolocation": "Madrid, Spain",
            "browser": "Edge",
            "operating_system": "Windows 11",
            "device": "Desktop",
            "new_visitor": false
        }
    },
    {
        "model": "analytics.visit",
        "pk": 14,
        "fields": {
            "url": 6,
            "timestamp": "2024-12-21T10:15:20Z",
            "hashed_ip": "aaa111bbb222ccc333ddd444eee555",
            "referer": "https://support.company.com",
            "geolocation": "Amsterdam, Netherlands",
            "browser": "Chrome",
            "operating_system": "macOS Sonoma",
            "device": "Desktop",
            "new_visitor": true
        }
    },
    {
        "model": "analytics.visit",
        "pk": 15,
        "fields": {
            "url": 7,
            "timestamp": "2024-12-22T09:00:00Z",
            "hashed_ip": "fff666ggg777hhh888iii999jjj000",
            "referer": null,
            "geolocation": "Austin, TX, US",
            "browser": "Chrome",
            "operating_system": "Windows 11",
            "device": "Desktop",
            "new_visitor": false
        }
    },
    {
        "model": "analytics.visit",
        "pk": 16,
        "fields": {
            "url": 12,
            "timestamp": "2024-12-23T15:30:45Z",
            "hashed_ip": "kkk111lll222mmm333nnn444ooo555",
            "referer": "https://www.linkedin.com",
            "geolocation": "Boston, MA, US",
            "browser": "Safari",
            "operating_system": "macOS Sonoma",
            "device": "Desktop",
            "new_visitor": true
        }
    },
    {
        "model": "analytics.visit",
        "pk": 17,
        "fields": {
            "url": 12,
            "timestamp": "2024-12-23T17:45:20Z",
            "hashed_ip": "ppp666qqq777rrr888sss999ttt000",
            "referer": "https://www.linkedin.com",
            "geolocation": "Denver, CO, US",
            "browser": "Firefox",
            "operating_system": "Windows 11",
            "device": "Desktop",
            "new_visitor": true
        }
    },
    {
        "model": "analytics.visit",
        "pk": 18,
        "fields": {
            "url": 2,
            "timestamp": "2024-12-24T11:20:35Z",
            "hashed_ip": "uuu111vvv222www333xxx444yyy555",
            "referer": null,
            "geolocation": "Singapore",
            "browser": "Chrome",
            "operating_system": "Windows 11",
            "device": "Desktop",
            "new_visitor": true
        }
    },
    {
        "model": "analytics.visit",
        "pk": 19,
        "fields": {
            "url": 10,
            "timestamp": "2024-12-25T08:15:50Z",
            "hashed_ip": "zzz666aaa777bbb888ccc999ddd000",
            "referer": "https://github.com",
            "geolocation": "Bangalore, India",
            "browser": "Firefox",
            "operating_system": "Ubuntu 22.04",
            "device": "Desktop",
            "new_visitor": true
        }
    },
    {
        "model": "analytics.visit",
        "pk": 20,
        "fields": {
            "url": 13,
            "timestamp": "2024-12-26T14:30:15Z",
            "hashed_ip": "eee111fff222ggg333hhh444iii555",
            "referer": null,
            "geolocation": "Dublin, Ireland",
            "browser": "Safari",
            "operating_system": "macOS Sonoma",
            "device": "Desktop",
            "new_visitor": false
        }
    },
    {
        "model": "admin_panel.auditlog",
        "pk": 1,
        "fields": {
            "action": "CREATE",
            "timestamp": "2024-01-15T10:00:00Z",
            "user": 1,
            "content_type": "url.url",
            "content_id": "1",
            "ip_address": "192.168.1.100",
            "changes": {
                "name": "Company Homepage",
                "long_url": "https://www.mycompany.com/about-us/mission-and-values",
                "short_url": "company"
            },
            "successful": true
        }
    },
    {
        "model": "admin_panel.auditlog",
        "pk": 2,
        "fields": {
            "action": "UPDATE",
            "timestamp": "2024-10-01T09:00:00Z",
            "user": 2,
            "content_type": "url.url",
            "content_id": "2",
            "ip_address": "192.168.1.105",
            "changes": {
                "expiry_date": "2025-03-31T23:59:59Z"
            },
            "successful": true
        }
    },
    {
        "model": "admin_panel.auditlog",
        "pk": 3,
        "fields": {
            "action": "CREATE",
            "timestamp": "2024-03-15T08:30:00Z",
            "user": 3,
            "content_type": "url.url",
            "content_id": "3",
            "ip_address": "192.168.1.120",
            "changes": {
                "name": "Product Launch Campaign",
                "long_url": "https://marketing.company.com/campaigns/2024/new-product-launch-landing-page",
                "short_url": "launch2024"
            },
            "successful": true
        }
    },
    {
        "model": "admin_panel.auditlog",
        "pk": 4,
        "fields": {
            "action": "DELETE",
            "timestamp": "2024-05-10T15:30:00Z",
            "user": 1,
            "content_type": "url.url",
            "content_id": "99",
            "ip_address": "192.168.1.100",
            "changes": {},
            "successful": false
        }
    },
    {
        "model": "admin_panel.auditlog",
        "pk": 5,
        "fields": {
            "action": "GET",
            "timestamp": "2024-12-15T14:20:30Z",
            "user": 3,
            "content_type": "analytics.visit",
            "content_id": "1",
            "ip_address": "192.168.1.120",
            "changes": {},
            "successful": true
        }
    },
    {
        "model": "admin_panel.auditlog",
        "pk": 6,
        "fields": {
            "action": "UPDATE",
            "timestamp": "2024-12-01T00:00:00Z",
            "user": 2,
            "content_type": "url.urlstatus",
            "content_id": "5",
            "ip_address": "192.168.1.105",
            "changes": {
                "state": "EXPIRED",
                "reason": "Campaign ended - Black Friday promotion concluded"
            },
            "successful": true
        }
    },
    {
        "model": "admin_panel.auditlog",
        "pk": 7,
        "fields": {
            "action": "CREATE",
            "timestamp": "2024-11-15T09:00:00Z",
            "user": 3,
            "content_type": "url.url",
            "content_id": "12",
            "ip_address": "192.168.1.120",
            "changes": {
                "name": "Webinar Registration",
                "short_url": "webinar25"
            },
            "successful": true
        }
    },
    {
        "model": "admin_panel.auditlog",
        "pk": 8,
        "fields": {
            "action": "UPDATE",
            "timestamp": "2024-12-30T18:00:00Z",
            "user": 1,
            "content_type": "url.urlstatus",
            "content_id": "15",
            "ip_address": "192.168.1.100",
            "changes": {
                "state": "FLAGGED",
                "reason": "Unusual traffic spike detected - under review"
            },
            "successful": true
        }
    },
    {
        "model": "admin_panel.auditlog",
        "pk": 9,
        "fields": {
            "action": "CREATE",
            "timestamp": "2024-12-20T10:15:00Z",
            "user": 2,
            "content_type": "fraud.fraudincident",
            "content_id": "1",
            "ip_address": "192.168.1.105",
            "changes": {
                "incident_type": "burst",
                "severity": "high"
            },
            "successful": true
        }
    },
    {
        "model": "admin_panel.auditlog",
        "pk": 10,
        "fields": {
            "action": "DELETE",
            "timestamp": "2024-11-10T16:45:00Z",
            "user": 1,
            "content_type": "redirection.redirectionrule",
            "content_id": "99",
            "ip_address": "192.168.1.100",
            "changes": {},
            "successful": false
        }
    },
    {
        "model": "fraud.fraudincident",
        "pk": 1,
        "fields": {
            "incident_type": "burst",
            "details": {
                "ip": "45.123.67.89",
                "url": "/api/shorten",
                "count": 250,
                "timeframe": "60 seconds",
                "pattern": "automated_requests"
            },
            "severity": "high",
            "user": null,
            "url": 15,
            "created_at": "2024-12-20T10:15:00Z"
        }
    },
    {
        "model": "fraud.fraudincident",
        "pk": 2,
        "fields": {
            "incident_type": "throttle",
            "details": {
                "ip": "78.234.156.23",
                "user_id": 4,
                "endpoint": "/api/shorten",
                "attempts": 75,
                "timeframe": "5 minutes"
            },
            "severity": "medium",
            "user": 4,
            "url": null,
            "created_at": "2024-11-28T14:30:00Z"
        }
    },
    {
        "model": "fraud.fraudincident",
        "pk": 3,
        "fields": {
            "incident_type": "suspicious_ua",
            "details": {
                "user_agent": "ScraperBot/2.0 (Automated)",
                "ip": "123.45.67.89",
                "url_accessed": "/api/stats/all",
                "frequency": "high"
            },
            "severity": "medium",
            "user": null,
            "url": 4,
            "created_at": "2024-12-05T16:45:00Z"
        }
    },
    {
        "model": "fraud.fraudincident",
        "pk": 4,
        "fields": {
            "incident_type": "burst",
            "details": {
                "ip": "91.234.56.78",
                "url": "/api/bulk-shorten",
                "count": 500,
                "timeframe": "2 minutes",
                "pattern": "ddos_attempt"
            },
            "severity": "critical",
            "user": null,
            "url": null,
            "created_at": "2024-12-18T20:15:00Z"
        }
    },
    {
        "model": "fraud.fraudincident",
        "pk": 5,
        "fields": {
            "incident_type": "throttle",
            "details": {
                "ip": "156.78.90.12",
                "user_id": 3,
                "endpoint": "/api/analytics",
                "attempts": 150,
                "timeframe": "10 minutes"
            },
            "severity": "low",
            "user": 3,
            "url": 8,
            "created_at": "2024-12-10T11:20:00Z"
        }
    },
    {
        "model": "fraud.fraudincident",
        "pk": 6,
        "fields": {
            "incident_type": "suspicious_ua",
            "details": {
                "user_agent": "curl/7.68.0",
                "ip": "203.45.67.89",
                "url_accessed": "/launch2024",
                "pattern": "automated_script"
            },
            "severity": "low",
            "user": null,
            "url": 3,
            "created_at": "2024-12-22T09:30:00Z"
        }
    },
    {
        "model": "redirection.redirectionrule",
        "pk": 1,
        "fields": {
            "name": "Mobile Device Redirect - Company",
            "url": 1,
            "conditions": {
                "device_type": "mobile"
            },
            "target_url": "https://m.mycompany.com/about-us",
            "priority": 10,
            "is_active": true,
            "created_at": "2024-01-15T10:30:00Z",
            "updated_at": "2024-01-15T10:30:00Z"
        }
    },
    {
        "model": "redirection.redirectionrule",
        "pk": 2,
        "fields": {
            "name": "US Region - API Docs",
            "url": 4,
            "conditions": {
                "country": "US"
            },
            "target_url": "https://us.developers.techcorp.com/api/v2/documentation",
            "priority": 8,
            "is_active": true,
            "created_at": "2024-02-20T14:45:00Z",
            "updated_at": "2024-02-20T14:45:00Z"
        }
    },
    {
        "model": "redirection.redirectionrule",
        "pk": 3,
        "fields": {
            "name": "EU Region - API Docs",
            "url": 4,
            "conditions": {
                "region": "EU"
            },
            "target_url": "https://eu.developers.techcorp.com/api/v2/documentation",
            "priority": 8,
            "is_active": true,
            "created_at": "2024-02-20T14:50:00Z",
            "updated_at": "2024-02-20T14:50:00Z"
        }
    },
    {
        "model": "redirection.redirectionrule",
        "pk": 4,
        "fields": {
            "name": "Legacy Browser Warning",
            "url": 3,
            "conditions": {
                "browser": "IE"
            },
            "target_url": "https://marketing.company.com/browser-upgrade",
            "priority": 15,
            "is_active": true,
            "created_at": "2024-03-15T09:00:00Z",
            "updated_at": "2024-03-15T09:00:00Z"
        }
    },
    {
        "model": "redirection.redirectionrule",
        "pk": 5,
        "fields": {
            "name": "Weekend Special - App Download",
            "url": 14,
            "conditions": {
                "time_range": "weekend"
            },
            "target_url": "https://apps.company.com/weekend-promotion",
            "priority": 5,
            "is_active": false,
            "created_at": "2024-03-01T11:00:00Z",
            "updated_at": "2024-03-01T11:00:00Z"
        }
    },
    {
        "model": "redirection.redirectionrule",
        "pk": 6,
        "fields": {
            "name": "Spanish Language - Blog",
            "url": 8,
            "conditions": {
                "language": "es"
            },
            "target_url": "https://blog.techcorp.com/es/2024/12/tendencias-ia-2025",
            "priority": 12,
            "is_active": true,
            "created_at": "2024-12-01T10:30:00Z",
            "updated_at": "2024-12-01T10:30:00Z"
        }
    },
    {
        "model": "redirection.redirectionrule",
        "pk": 7,
        "fields": {
            "name": "French Language - Blog",
            "url": 8,
            "conditions": {
                "language": "fr"
            },
            "target_url": "https://blog.techcorp.com/fr/2024/12/tendencias-ia-2025",
            "priority": 12,
            "is_active": true,
            "created_at": "2024-12-01T10:35:00Z",
            "updated_at": "2024-12-01T10:35:00Z"
        }
    },
    {
        "model": "redirection.redirectionrule",
        "pk": 8,
        "fields": {
            "name": "Mobile Optimized - Pricing",
            "url": 15,
            "conditions": {
                "device_type": "mobile"
            },
            "target_url": "https://m.company.com/pricing/mobile-plans",
            "priority": 9,
            "is_active": true,
            "created_at": "2024-01-08T10:00:00Z",
            "updated_at": "2024-01-08T10:00:00Z"
        }
    },
    {
        "model": "redirection.redirectionrule",
        "pk": 9,
        "fields": {
            "name": "Social Media Traffic - Launch Campaign",
            "url": 3,
            "conditions": {
                "referer_contains": "facebook.com,twitter.com,instagram.com"
            },
            "target_url": "https://marketing.company.com/campaigns/2024/social-landing",
            "priority": 7,
            "is_active": true,
            "created_at": "2024-03-15T09:15:00Z",
            "updated_at": "2024-03-15T09:15:00Z"
        }
    },
    {
        "model": "redirection.redirectionrule",
        "pk": 10,
        "fields": {
            "name": "Business Hours - Support",
            "url": 6,
            "conditions": {
                "time_range": "business_hours"
            },
            "target_url": "https://support.company.com/live-chat",
            "priority": 6,
            "is_active": true,
            "created_at": "2024-01-10T08:30:00Z",
            "updated_at": "2024-01-10T08:30:00Z"
        }
    }
]
